/*
 Navicat Premium Data Transfer

 Source Server         : mysql5.7
 Source Server Type    : MySQL
 Source Server Version : 50729
 Source Host           : localhost:3306
 Source Schema         : ssm

 Target Server Type    : MySQL
 Target Server Version : 50729
 File Encoding         : 65001

 Date: 23/06/2020 13:52:02
*/

SET NAMES utf8mb4;
SET FOREIGN_KEY_CHECKS = 0;

-- ----------------------------
-- Table structure for member
-- ----------------------------
DROP TABLE IF EXISTS `member`;
CREATE TABLE `member`  (
  `id` varchar(32) CHARACTER SET utf8 COLLATE utf8_general_ci NOT NULL,
  `name` varchar(25) CHARACTER SET utf8 COLLATE utf8_general_ci NULL DEFAULT NULL,
  `nickname` varchar(25) CHARACTER SET utf8 COLLATE utf8_general_ci NULL DEFAULT NULL,
  `phoneNum` varchar(25) CHARACTER SET utf8 COLLATE utf8_general_ci NULL DEFAULT NULL,
  `email` varchar(25) CHARACTER SET utf8 COLLATE utf8_general_ci NULL DEFAULT NULL,
  PRIMARY KEY (`id`) USING BTREE
) ENGINE = InnoDB CHARACTER SET = utf8 COLLATE = utf8_general_ci ROW_FORMAT = Dynamic;

-- ----------------------------
-- Records of member
-- ----------------------------
INSERT INTO `member` VALUES ('E61D65F673D54F68B0861025C69773DB', '张三', '小三', '18888888888', 'zs@163.com');

-- ----------------------------
-- Table structure for order_traveller
-- ----------------------------
DROP TABLE IF EXISTS `order_traveller`;
CREATE TABLE `order_traveller`  (
  `ordersId` varchar(32) CHARACTER SET utf8 COLLATE utf8_general_ci NOT NULL,
  `travellerId` varchar(32) CHARACTER SET utf8 COLLATE utf8_general_ci NOT NULL,
  PRIMARY KEY (`ordersId`, `travellerId`) USING BTREE,
  INDEX `travellerId`(`travellerId`) USING BTREE,
  CONSTRAINT `order_traveller_ibfk_1` FOREIGN KEY (`ordersId`) REFERENCES `orders` (`id`) ON DELETE RESTRICT ON UPDATE RESTRICT,
  CONSTRAINT `order_traveller_ibfk_2` FOREIGN KEY (`travellerId`) REFERENCES `traveller` (`id`) ON DELETE RESTRICT ON UPDATE RESTRICT
) ENGINE = InnoDB CHARACTER SET = utf8 COLLATE = utf8_general_ci ROW_FORMAT = Dynamic;

-- ----------------------------
-- Records of order_traveller
-- ----------------------------
INSERT INTO `order_traveller` VALUES ('0E7231DC797C486290E8713CA3C6ECCC', '3FE27DF2A4E44A6DBC5D0FE4651D3D3E');
INSERT INTO `order_traveller` VALUES ('2FF351C4AC744E2092DCF08CFD314420', '3FE27DF2A4E44A6DBC5D0FE4651D3D3E');
INSERT INTO `order_traveller` VALUES ('5DC6A48DD4E94592AE904930EA866AFA', '3FE27DF2A4E44A6DBC5D0FE4651D3D3E');
INSERT INTO `order_traveller` VALUES ('A0657832D93E4B10AE88A2D4B70B1A28', '3FE27DF2A4E44A6DBC5D0FE4651D3D3E');
INSERT INTO `order_traveller` VALUES ('3081770BC3984EF092D9E99760FDABDE', 'EE7A71FB6945483FBF91543DBE851960');
INSERT INTO `order_traveller` VALUES ('55F9AF582D5A4DB28FB4EC3199385762', 'EE7A71FB6945483FBF91543DBE851960');
INSERT INTO `order_traveller` VALUES ('96CC8BD43C734CC2ACBFF09501B4DD5D', 'EE7A71FB6945483FBF91543DBE851960');
INSERT INTO `order_traveller` VALUES ('CA005CF1BE3C4EF68F88ABC7DF30E976', 'EE7A71FB6945483FBF91543DBE851960');
INSERT INTO `order_traveller` VALUES ('E4DD4C45EED84870ABA83574A801083E', 'EE7A71FB6945483FBF91543DBE851960');

-- ----------------------------
-- Table structure for orders
-- ----------------------------
DROP TABLE IF EXISTS `orders`;
CREATE TABLE `orders`  (
  `id` varchar(32) CHARACTER SET utf8 COLLATE utf8_general_ci NOT NULL,
  `orderNum` varchar(20) CHARACTER SET utf8 COLLATE utf8_general_ci NOT NULL,
  `orderTime` timestamp(0) NOT NULL DEFAULT CURRENT_TIMESTAMP(0) ON UPDATE CURRENT_TIMESTAMP(0),
  `peopleCount` int(11) NULL DEFAULT NULL,
  `orderDesc` varchar(500) CHARACTER SET utf8 COLLATE utf8_general_ci NULL DEFAULT NULL,
  `payType` int(11) NULL DEFAULT NULL,
  `orderStatus` int(11) NULL DEFAULT NULL,
  `productId` varchar(32) CHARACTER SET utf8 COLLATE utf8_general_ci NULL DEFAULT NULL,
  `memberId` varchar(32) CHARACTER SET utf8 COLLATE utf8_general_ci NULL DEFAULT NULL,
  PRIMARY KEY (`id`) USING BTREE,
  UNIQUE INDEX `orderNum`(`orderNum`) USING BTREE,
  INDEX `productId`(`productId`) USING BTREE,
  INDEX `memberId`(`memberId`) USING BTREE,
  CONSTRAINT `orders_ibfk_1` FOREIGN KEY (`productId`) REFERENCES `product` (`id`) ON DELETE RESTRICT ON UPDATE RESTRICT,
  CONSTRAINT `orders_ibfk_2` FOREIGN KEY (`memberId`) REFERENCES `member` (`id`) ON DELETE RESTRICT ON UPDATE RESTRICT
) ENGINE = InnoDB CHARACTER SET = utf8 COLLATE = utf8_general_ci ROW_FORMAT = Dynamic;

-- ----------------------------
-- Records of orders
-- ----------------------------
INSERT INTO `orders` VALUES ('0E7231DC797C486290E8713CA3C6ECCC', '12345', '2016-05-20 00:46:41', 2, '没什么', 0, 1, '676C5BD1D35E429A8C2E114939C5685A', 'E61D65F673D54F68B0861025C69773DB');
INSERT INTO `orders` VALUES ('2FF351C4AC744E2092DCF08CFD314420', '67890', '2018-05-20 00:46:41', 2, '没什么', 0, 1, '12B7ABF2A4C544568B0A7C69F36BF8B7', 'E61D65F673D54F68B0861025C69773DB');
INSERT INTO `orders` VALUES ('3081770BC3984EF092D9E99760FDABDE', '55555', '2020-08-20 00:46:42', 2, '没什么', 0, 1, '9F71F01CB448476DAFB309AA6DF9497F', 'E61D65F673D54F68B0861025C69773DB');
INSERT INTO `orders` VALUES ('55F9AF582D5A4DB28FB4EC3199385762', '33333', '2020-10-20 00:46:41', 2, '没什么', 0, 1, '9F71F01CB448476DAFB309AA6DF9497F', 'E61D65F673D54F68B0861025C69773DB');
INSERT INTO `orders` VALUES ('5DC6A48DD4E94592AE904930EA866AFA', '54321', '2020-05-20 00:46:41', 2, '没什么', 0, 1, '676C5BD1D35E429A8C2E114939C5685A', 'E61D65F673D54F68B0861025C69773DB');
INSERT INTO `orders` VALUES ('96CC8BD43C734CC2ACBFF09501B4DD5D', '22222', '2020-05-20 00:46:41', 2, '没什么', 0, 1, '12B7ABF2A4C544568B0A7C69F36BF8B7', 'E61D65F673D54F68B0861025C69773DB');
INSERT INTO `orders` VALUES ('A0657832D93E4B10AE88A2D4B70B1A28', '98765', '2020-05-20 00:46:41', 2, '没什么', 0, 1, '12B7ABF2A4C544568B0A7C69F36BF8B7', 'E61D65F673D54F68B0861025C69773DB');
INSERT INTO `orders` VALUES ('CA005CF1BE3C4EF68F88ABC7DF30E976', '44444', '2020-05-20 10:46:42', 2, '没什么', 0, 1, '9F71F01CB448476DAFB309AA6DF9497F', 'E61D65F673D54F68B0861025C69773DB');
INSERT INTO `orders` VALUES ('E4DD4C45EED84870ABA83574A801083E', '11111', '2018-05-20 22:46:41', 2, '没什么', 0, 1, '12B7ABF2A4C544568B0A7C69F36BF8B7', 'E61D65F673D54F68B0861025C69773DB');

-- ----------------------------
-- Table structure for permission
-- ----------------------------
DROP TABLE IF EXISTS `permission`;
CREATE TABLE `permission`  (
  `id` varchar(32) CHARACTER SET utf8 COLLATE utf8_general_ci NOT NULL,
  `permissionName` varchar(50) CHARACTER SET utf8 COLLATE utf8_general_ci NULL DEFAULT NULL,
  `url` varchar(50) CHARACTER SET utf8 COLLATE utf8_general_ci NULL DEFAULT NULL,
  PRIMARY KEY (`id`) USING BTREE
) ENGINE = InnoDB CHARACTER SET = utf8 COLLATE = utf8_general_ci ROW_FORMAT = Dynamic;

-- ----------------------------
-- Records of permission
-- ----------------------------
INSERT INTO `permission` VALUES ('050028D91BBE4675B1A157DF41D13785', 'user findAll', '/users');
INSERT INTO `permission` VALUES ('7ECBE457869F44E29D2A2CA6C54019D3', 'user findById', '/user/{id}');

-- ----------------------------
-- Table structure for product
-- ----------------------------
DROP TABLE IF EXISTS `product`;
CREATE TABLE `product`  (
  `id` varchar(32) CHARACTER SET utf8 COLLATE utf8_general_ci NOT NULL,
  `productNum` varchar(50) CHARACTER SET utf8 COLLATE utf8_general_ci NOT NULL,
  `productName` varchar(50) CHARACTER SET utf8 COLLATE utf8_general_ci NULL DEFAULT NULL,
  `cityName` varchar(50) CHARACTER SET utf8 COLLATE utf8_general_ci NULL DEFAULT NULL,
  `DepartureTime` datetime(0) NULL DEFAULT NULL,
  `productPrice` double(11, 0) NULL DEFAULT NULL,
  `productDesc` varchar(250) CHARACTER SET utf8 COLLATE utf8_general_ci NULL DEFAULT NULL,
  `productStatus` int(1) NULL DEFAULT NULL,
  PRIMARY KEY (`id`) USING BTREE,
  UNIQUE INDEX `product`(`id`, `productNum`) USING BTREE
) ENGINE = InnoDB CHARACTER SET = utf8 COLLATE = utf8_general_ci ROW_FORMAT = Dynamic;

-- ----------------------------
-- Records of product
-- ----------------------------
INSERT INTO `product` VALUES ('12B7ABF2A4C544568B0A7C69F36BF8B7', 'number-003', '上海五日游', '上海', '2020-05-20 23:59:59', 1800, '魔都我来了', 0);
INSERT INTO `product` VALUES ('676C5BD1D35E429A8C2E114939C5685A', 'number-002', '北京三日游', '北京', '2018-10-30 23:59:59', 1200, '不错的旅行', 1);
INSERT INTO `product` VALUES ('9F71F01CB448476DAFB309AA6DF9497F', 'number-001', '北京三日游', '北京', '2018-11-30 23:59:59', 1200, '不错的旅行', 1);

-- ----------------------------
-- Table structure for role
-- ----------------------------
DROP TABLE IF EXISTS `role`;
CREATE TABLE `role`  (
  `id` varchar(32) CHARACTER SET utf8 COLLATE utf8_general_ci NOT NULL,
  `roleName` varchar(50) CHARACTER SET utf8 COLLATE utf8_general_ci NULL DEFAULT NULL,
  `roleDesc` varchar(50) CHARACTER SET utf8 COLLATE utf8_general_ci NULL DEFAULT NULL,
  PRIMARY KEY (`id`) USING BTREE
) ENGINE = InnoDB CHARACTER SET = utf8 COLLATE = utf8_general_ci ROW_FORMAT = Dynamic;

-- ----------------------------
-- Records of role
-- ----------------------------
INSERT INTO `role` VALUES ('12345', 'ADMIN', 'vip');
INSERT INTO `role` VALUES ('23456', 'USER', 'ordinary');

-- ----------------------------
-- Table structure for role_permission
-- ----------------------------
DROP TABLE IF EXISTS `role_permission`;
CREATE TABLE `role_permission`  (
  `permissionId` varchar(32) CHARACTER SET utf8 COLLATE utf8_general_ci NOT NULL,
  `roleId` varchar(32) CHARACTER SET utf8 COLLATE utf8_general_ci NOT NULL,
  PRIMARY KEY (`permissionId`, `roleId`) USING BTREE,
  INDEX `roleId`(`roleId`) USING BTREE,
  CONSTRAINT `role_permission_ibfk_1` FOREIGN KEY (`permissionId`) REFERENCES `permission` (`id`) ON DELETE RESTRICT ON UPDATE RESTRICT,
  CONSTRAINT `role_permission_ibfk_2` FOREIGN KEY (`roleId`) REFERENCES `role` (`id`) ON DELETE RESTRICT ON UPDATE RESTRICT
) ENGINE = InnoDB CHARACTER SET = utf8 COLLATE = utf8_general_ci ROW_FORMAT = Dynamic;

-- ----------------------------
-- Records of role_permission
-- ----------------------------
INSERT INTO `role_permission` VALUES ('050028D91BBE4675B1A157DF41D13785', '12345');
INSERT INTO `role_permission` VALUES ('7ECBE457869F44E29D2A2CA6C54019D3', '12345');
INSERT INTO `role_permission` VALUES ('050028D91BBE4675B1A157DF41D13785', '23456');

-- ----------------------------
-- Table structure for syslog
-- ----------------------------
DROP TABLE IF EXISTS `syslog`;
CREATE TABLE `syslog`  (
  `id` varchar(32) CHARACTER SET utf8 COLLATE utf8_general_ci NOT NULL,
  `visitTime` timestamp(0) NOT NULL DEFAULT CURRENT_TIMESTAMP(0) ON UPDATE CURRENT_TIMESTAMP(0),
  `username` varchar(50) CHARACTER SET utf8 COLLATE utf8_general_ci NULL DEFAULT NULL,
  `ip` varchar(30) CHARACTER SET utf8 COLLATE utf8_general_ci NULL DEFAULT NULL,
  `url` varchar(50) CHARACTER SET utf8 COLLATE utf8_general_ci NULL DEFAULT NULL,
  `executionTime` int(11) NULL DEFAULT NULL,
  `method` varchar(200) CHARACTER SET utf8 COLLATE utf8_general_ci NULL DEFAULT NULL,
  PRIMARY KEY (`id`) USING BTREE
) ENGINE = InnoDB CHARACTER SET = utf8 COLLATE = utf8_general_ci ROW_FORMAT = Dynamic;

-- ----------------------------
-- Records of syslog
-- ----------------------------
INSERT INTO `syslog` VALUES ('116326A742CE407A9EFD0A8C1D2561FD', '2020-05-12 17:41:34', 'tom', '192.168.102.1', '/products', 30054, 'findAll');
INSERT INTO `syslog` VALUES ('18D809C7C1594AB2BC34ED5168C15FED', '2020-05-12 17:43:33', 'jack', '192.168.102.1', '/users', 5735, 'findAll');

-- ----------------------------
-- Table structure for traveller
-- ----------------------------
DROP TABLE IF EXISTS `traveller`;
CREATE TABLE `traveller`  (
  `id` varchar(32) CHARACTER SET utf8 COLLATE utf8_general_ci NOT NULL,
  `name` varchar(25) CHARACTER SET utf8 COLLATE utf8_general_ci NULL DEFAULT NULL,
  `sex` varchar(20) CHARACTER SET utf8 COLLATE utf8_general_ci NULL DEFAULT NULL,
  `phoneNum` varchar(20) CHARACTER SET utf8 COLLATE utf8_general_ci NULL DEFAULT NULL,
  `credentialsType` int(11) NULL DEFAULT NULL,
  `credentialsNum` varchar(50) CHARACTER SET utf8 COLLATE utf8_general_ci NULL DEFAULT NULL,
  `travellerType` int(11) NULL DEFAULT NULL,
  PRIMARY KEY (`id`) USING BTREE
) ENGINE = InnoDB CHARACTER SET = utf8 COLLATE = utf8_general_ci ROW_FORMAT = Dynamic;

-- ----------------------------
-- Records of traveller
-- ----------------------------
INSERT INTO `traveller` VALUES ('3FE27DF2A4E44A6DBC5D0FE4651D3D3E', '张龙', '男', '13333333333', 0, '123456789009876543', 0);
INSERT INTO `traveller` VALUES ('EE7A71FB6945483FBF91543DBE851960', '张小龙', '男', '15555555555', 0, '987654321123456789', 1);

-- ----------------------------
-- Table structure for users
-- ----------------------------
DROP TABLE IF EXISTS `users`;
CREATE TABLE `users`  (
  `id` varchar(32) CHARACTER SET utf8 COLLATE utf8_general_ci NOT NULL,
  `email` varchar(50) CHARACTER SET utf8 COLLATE utf8_general_ci NOT NULL,
  `username` varchar(25) CHARACTER SET utf8 COLLATE utf8_general_ci NULL DEFAULT NULL,
  `password` varchar(100) CHARACTER SET utf8 COLLATE utf8_general_ci NULL DEFAULT NULL,
  `phoneNum` varchar(20) CHARACTER SET utf8 COLLATE utf8_general_ci NULL DEFAULT NULL,
  `status` int(1) NULL DEFAULT NULL,
  PRIMARY KEY (`id`) USING BTREE,
  UNIQUE INDEX `email`(`email`) USING BTREE
) ENGINE = InnoDB CHARACTER SET = utf8 COLLATE = utf8_general_ci ROW_FORMAT = Dynamic;

-- ----------------------------
-- Records of users
-- ----------------------------
INSERT INTO `users` VALUES ('1101112019', 'tom@tom.com', 'tom', '$2a$10$gBiMvSr6pMzBuDUYavbNHeHXcLpol8MpBno6l9w2HcoOmFWb/S5s.', '15612345678', 1);
INSERT INTO `users` VALUES ('1101112020', 'jack@jack.com', 'jack', '$2a$10$WpRMSJWf1Lw1DKTJcSS8JOtaLkzJi.00ynBIyahrg.JHSaTkHsqRG', '15612345555', 1);
INSERT INTO `users` VALUES ('F5AA9842E0344A249B1F70AF63F078B5', 'fox@fox.com', 'fox', '$2a$10$jpiFQvdQc3aIZJhoBQbVZu/TagyHPctf2VBw2FeQakkZvgW5JwYFi', '12345678910', 1);

-- ----------------------------
-- Table structure for users_role
-- ----------------------------
DROP TABLE IF EXISTS `users_role`;
CREATE TABLE `users_role`  (
  `userId` varchar(32) CHARACTER SET utf8 COLLATE utf8_general_ci NOT NULL,
  `roleId` varchar(32) CHARACTER SET utf8 COLLATE utf8_general_ci NOT NULL,
  PRIMARY KEY (`userId`, `roleId`) USING BTREE,
  INDEX `roleId`(`roleId`) USING BTREE,
  CONSTRAINT `users_role_ibfk_1` FOREIGN KEY (`userId`) REFERENCES `users` (`id`) ON DELETE RESTRICT ON UPDATE RESTRICT,
  CONSTRAINT `users_role_ibfk_2` FOREIGN KEY (`roleId`) REFERENCES `role` (`id`) ON DELETE RESTRICT ON UPDATE RESTRICT
) ENGINE = InnoDB CHARACTER SET = utf8 COLLATE = utf8_general_ci ROW_FORMAT = Dynamic;

-- ----------------------------
-- Records of users_role
-- ----------------------------
INSERT INTO `users_role` VALUES ('1101112019', '12345');
INSERT INTO `users_role` VALUES ('1101112019', '23456');
INSERT INTO `users_role` VALUES ('1101112020', '23456');
INSERT INTO `users_role` VALUES ('F5AA9842E0344A249B1F70AF63F078B5', '23456');

SET FOREIGN_KEY_CHECKS = 1;
